﻿<?xml version="1.0" encoding="utf-8"?>
<Gateway>
  <SCB ID="131" SCLengthA="14" SCLengthB="1" />
  <SCB ID="130" SCLengthA="9" SCLengthB="7" />
  <SCB ID="129" SCLengthA="23" SCLengthB="29" />
  <TDR ID="128" SCLength="13" />
  <SCB ID="127" SCLengthA="18" SCLengthB="18" />
  <SIB ID="126" SCLength="23">
    <SIB ID="125" SCLength="10">
      <SCB ID="124" SCLengthA="13" SCLengthB="28" />
    </SIB>
  </SIB>
  <TDR ID="123" SCLength="21" />
  <TDR ID="122" SCLength="8" />
  <SIB ID="121" SCLength="30">
    <SIB ID="120" SCLength="20" />
    <TDR ID="119" SCLength="6" />
    <SCB ID="118" SCLengthA="12" SCLengthB="18" />
    <TDR ID="117" SCLength="28" />
  </SIB>
  <SIB ID="116" SCLength="31">
    <SCB ID="115" SCLengthA="29" SCLengthB="21" />
    <TDR ID="114" SCLength="10" />
  </SIB>
  <TDR ID="113" SCLength="27" />
  <SCB ID="112" SCLengthA="27" SCLengthB="18" />
  <TDR ID="111" SCLength="15" />
  <SCB ID="110" SCLengthA="15" SCLengthB="17" />
  <SCB ID="109" SCLengthA="30" SCLengthB="12" />
  <SIB ID="108" SCLength="7">
    <TDR ID="107" SCLength="15" />
  </SIB>
  <TDR ID="106" SCLength="16" />
  <TDR ID="105" SCLength="9" />
  <SIB ID="104" SCLength="12">
    <SIB ID="103" SCLength="18" />
  </SIB>
  <TDR ID="102" SCLength="26" />
  <SIB ID="101" SCLength="21">
    <TDR ID="100" SCLength="14" />
    <SIB ID="99" SCLength="27" />
  </SIB>
  <SCB ID="98" SCLengthA="11" SCLengthB="11" />
  <SIB ID="97" SCLength="20" />
  <TDR ID="96" SCLength="22" />
  <SIB ID="95" SCLength="31">
    <SCB ID="94" SCLengthA="2" SCLengthB="31" />
    <TDR ID="93" SCLength="16" />
    <TDR ID="92" SCLength="28" />
  </SIB>
  <SIB ID="91" SCLength="5">
    <TDR ID="90" SCLength="23" />
    <TDR ID="89" SCLength="26" />
  </SIB>
  <SIB ID="88" SCLength="8">
    <TDR ID="87" SCLength="22" />
    <SCB ID="86" SCLengthA="9" SCLengthB="2" />
    <SIB ID="85" SCLength="14">
      <TDR ID="84" SCLength="17" />
      <TDR ID="83" SCLength="10" />
    </SIB>
    <SIB ID="82" SCLength="12">
      <SIB ID="81" SCLength="10">
        <SIB ID="80" SCLength="12">
          <SCB ID="79" SCLengthA="7" SCLengthB="29" />
          <SCB ID="78" SCLengthA="25" SCLengthB="2" />
        </SIB>
        <SIB ID="77" SCLength="21">
          <SIB ID="76" SCLength="27" />
          <SCB ID="75" SCLengthA="10" SCLengthB="7" />
          <TDR ID="74" SCLength="8" />
        </SIB>
        <TDR ID="73" SCLength="1" />
      </SIB>
      <SCB ID="72" SCLengthA="4" SCLengthB="5" />
      <SCB ID="71" SCLengthA="13" SCLengthB="26" />
    </SIB>
  </SIB>
  <SIB ID="70" SCLength="18">
    <TDR ID="69" SCLength="16" />
    <SIB ID="68" SCLength="1">
      <SCB ID="67" SCLengthA="4" SCLengthB="16" />
      <TDR ID="66" SCLength="1" />
    </SIB>
  </SIB>
  <SCB ID="65" SCLengthA="8" SCLengthB="26" />
  <TDR ID="64" SCLength="14" />
  <SCB ID="63" SCLengthA="16" SCLengthB="30" />
  <SIB ID="62" SCLength="15">
    <SIB ID="61" SCLength="29">
      <TDR ID="60" SCLength="23" />
      <TDR ID="59" SCLength="23" />
      <SIB ID="58" SCLength="28">
        <SIB ID="57" SCLength="19" />
      </SIB>
    </SIB>
  </SIB>
  <SCB ID="56" SCLengthA="23" SCLengthB="5" />
  <TDR ID="55" SCLength="7" />
  <TDR ID="54" SCLength="19" />
  <SIB ID="53" SCLength="5">
    <SCB ID="52" SCLengthA="25" SCLengthB="21" />
  </SIB>
  <TDR ID="51" SCLength="18" />
  <SCB ID="50" SCLengthA="16" SCLengthB="15" />
  <SCB ID="49" SCLengthA="25" SCLengthB="8" />
  <SCB ID="48" SCLengthA="9" SCLengthB="18" />
  <TDR ID="47" SCLength="3" />
  <SCB ID="46" SCLengthA="24" SCLengthB="31" />
  <TDR ID="45" SCLength="25" />
  <TDR ID="44" SCLength="20" />
  <TDR ID="43" SCLength="23" />
  <SIB ID="42" SCLength="26">
    <SIB ID="41" SCLength="25">
      <TDR ID="40" SCLength="29" />
    </SIB>
  </SIB>
  <TDR ID="39" SCLength="19" />
  <SIB ID="38" SCLength="15">
    <TDR ID="37" SCLength="19" />
  </SIB>
  <TDR ID="36" SCLength="19" />
  <SCB ID="35" SCLengthA="27" SCLengthB="30" />
  <SCB ID="34" SCLengthA="11" SCLengthB="24" />
  <TDR ID="33" SCLength="5" />
  <SIB ID="32" SCLength="29">
    <SIB ID="31" SCLength="30">
      <SIB ID="30" SCLength="28">
        <TDR ID="29" SCLength="30" />
      </SIB>
      <SCB ID="28" SCLengthA="9" SCLengthB="13" />
    </SIB>
    <SCB ID="27" SCLengthA="9" SCLengthB="3" />
    <SIB ID="26" SCLength="31" />
  </SIB>
  <SCB ID="25" SCLengthA="15" SCLengthB="28" />
  <SCB ID="24" SCLengthA="23" SCLengthB="2" />
  <SCB ID="23" SCLengthA="14" SCLengthB="19" />
  <SIB ID="22" SCLength="24">
    <TDR ID="21" SCLength="12" />
  </SIB>
  <SIB ID="20" SCLength="25" />
  <TDR ID="19" SCLength="4" />
  <SCB ID="18" SCLengthA="5" SCLengthB="19" />
  <TDR ID="17" SCLength="25" />
  <SCB ID="16" SCLengthA="30" SCLengthB="9" />
  <SIB ID="15" SCLength="16">
    <TDR ID="14" SCLength="29" />
  </SIB>
  <SCB ID="13" SCLengthA="25" SCLengthB="1" />
  <SCB ID="12" SCLengthA="21" SCLengthB="29" />
  <TDR ID="11" SCLength="7" />
  <SIB ID="10" SCLength="6">
    <TDR ID="9" SCLength="25" />
    <SIB ID="8" SCLength="2" />
  </SIB>
  <TDR ID="7" SCLength="31" />
  <SCB ID="6" SCLengthA="18" SCLengthB="28" />
  <TDR ID="5" SCLength="4" />
  <SCB ID="4" SCLengthA="3" SCLengthB="18" />
  <TDR ID="3" SCLength="4" />
  <TDR ID="2" SCLength="11" />
  <TDR ID="1" SCLength="15" />
  <TDR ID="0" SCLength="14" />
</Gateway>