﻿<?xml version="1.0" encoding="utf-8"?>
<Gateway>
  <SIB ID="87" SCLength="1" />
  <SIB ID="86" SCLength="9">
    <SCB ID="85" SCLengthA="7" SCLengthB="4" />
    <SCB ID="84" SCLengthA="8" SCLengthB="29" />
  </SIB>
  <TDR ID="83" SCLength="27" />
  <TDR ID="82" SCLength="28" />
  <SCB ID="81" SCLengthA="9" SCLengthB="6" />
  <SCB ID="80" SCLengthA="16" SCLengthB="22" />
  <SIB ID="79" SCLength="31">
    <SCB ID="78" SCLengthA="4" SCLengthB="12" />
    <SCB ID="77" SCLengthA="20" SCLengthB="19" />
    <SCB ID="76" SCLengthA="22" SCLengthB="17" />
  </SIB>
  <TDR ID="75" SCLength="7" />
  <SIB ID="74" SCLength="24">
    <SCB ID="73" SCLengthA="2" SCLengthB="9" />
    <TDR ID="72" SCLength="13" />
  </SIB>
  <SCB ID="71" SCLengthA="17" SCLengthB="10" />
  <SIB ID="70" SCLength="10">
    <TDR ID="69" SCLength="29" />
  </SIB>
  <SIB ID="68" SCLength="30" />
  <SCB ID="67" SCLengthA="21" SCLengthB="30" />
  <TDR ID="66" SCLength="11" />
  <SCB ID="65" SCLengthA="18" SCLengthB="6" />
  <SCB ID="64" SCLengthA="11" SCLengthB="7" />
  <SIB ID="63" SCLength="1" />
  <SIB ID="62" SCLength="24" />
  <SCB ID="61" SCLengthA="25" SCLengthB="3" />
  <SCB ID="60" SCLengthA="31" SCLengthB="7" />
  <SIB ID="59" SCLength="10">
    <TDR ID="58" SCLength="14" />
  </SIB>
  <TDR ID="57" SCLength="9" />
  <SIB ID="56" SCLength="9" />
  <SIB ID="55" SCLength="22">
    <TDR ID="54" SCLength="30" />
    <SIB ID="53" SCLength="8">
      <TDR ID="52" SCLength="11" />
    </SIB>
  </SIB>
  <SIB ID="51" SCLength="11">
    <SCB ID="50" SCLengthA="18" SCLengthB="16" />
    <TDR ID="49" SCLength="23" />
  </SIB>
  <TDR ID="48" SCLength="10" />
  <SCB ID="47" SCLengthA="14" SCLengthB="5" />
  <SCB ID="46" SCLengthA="12" SCLengthB="3" />
  <SCB ID="45" SCLengthA="26" SCLengthB="30" />
  <SIB ID="44" SCLength="16">
    <SCB ID="43" SCLengthA="24" SCLengthB="6" />
  </SIB>
  <TDR ID="42" SCLength="18" />
  <SCB ID="41" SCLengthA="30" SCLengthB="3" />
  <SIB ID="40" SCLength="8" />
  <SCB ID="39" SCLengthA="27" SCLengthB="22" />
  <SCB ID="38" SCLengthA="13" SCLengthB="22" />
  <SIB ID="37" SCLength="8">
    <SIB ID="36" SCLength="31" />
    <TDR ID="35" SCLength="2" />
  </SIB>
  <TDR ID="34" SCLength="13" />
  <SIB ID="33" SCLength="5">
    <SCB ID="32" SCLengthA="31" SCLengthB="25" />
  </SIB>
  <SCB ID="31" SCLengthA="28" SCLengthB="6" />
  <TDR ID="30" SCLength="22" />
  <SIB ID="29" SCLength="27">
    <SIB ID="28" SCLength="4">
      <TDR ID="27" SCLength="7" />
      <SIB ID="26" SCLength="24">
        <TDR ID="25" SCLength="21" />
        <SCB ID="24" SCLengthA="4" SCLengthB="4" />
      </SIB>
    </SIB>
    <TDR ID="23" SCLength="27" />
  </SIB>
  <SIB ID="22" SCLength="28">
    <SCB ID="21" SCLengthA="13" SCLengthB="18" />
    <SIB ID="20" SCLength="19">
      <SCB ID="19" SCLengthA="5" SCLengthB="31" />
      <SIB ID="18" SCLength="18">
        <SIB ID="17" SCLength="31" />
      </SIB>
    </SIB>
  </SIB>
  <SIB ID="16" SCLength="1">
    <SCB ID="15" SCLengthA="25" SCLengthB="21" />
  </SIB>
  <SIB ID="14" SCLength="19">
    <SIB ID="13" SCLength="25">
      <TDR ID="12" SCLength="15" />
      <SCB ID="11" SCLengthA="14" SCLengthB="19" />
      <SCB ID="10" SCLengthA="25" SCLengthB="21" />
      <SIB ID="9" SCLength="27">
        <TDR ID="8" SCLength="13" />
        <SCB ID="7" SCLengthA="23" SCLengthB="22" />
      </SIB>
    </SIB>
    <SIB ID="6" SCLength="26" />
  </SIB>
  <TDR ID="5" SCLength="16" />
  <SIB ID="4" SCLength="5">
    <SIB ID="3" SCLength="1">
      <TDR ID="2" SCLength="12" />
    </SIB>
    <SCB ID="1" SCLengthA="28" SCLengthB="21" />
  </SIB>
  <TDR ID="0" SCLength="11" />
</Gateway>