﻿<?xml version="1.0" encoding="utf-8"?>
<Gateway>
  <SCB ID="139" SCLengthA="2091" SCLengthB="4077" />
  <SCB ID="138" SCLengthA="1020" SCLengthB="2727" />
  <SCB ID="137" SCLengthA="4124" SCLengthB="1292" />
  <SCB ID="136" SCLengthA="1906" SCLengthB="537" />
  <TDR ID="135" SCLength="3884" />
  <SCB ID="134" SCLengthA="1983" SCLengthB="480" />
  <SIB ID="133" SCLength="2182">
    <SCB ID="132" SCLengthA="2637" SCLengthB="4292" />
    <SCB ID="131" SCLengthA="2258" SCLengthB="666" />
  </SIB>
  <SCB ID="130" SCLengthA="3431" SCLengthB="2488" />
  <SIB ID="129" SCLength="130">
    <TDR ID="128" SCLength="3104" />
    <TDR ID="127" SCLength="2957" />
    <SIB ID="126" SCLength="4270" />
  </SIB>
  <SIB ID="125" SCLength="1612" />
  <SIB ID="124" SCLength="2907">
    <TDR ID="123" SCLength="246" />
    <SIB ID="122" SCLength="221" />
  </SIB>
  <SIB ID="121" SCLength="265">
    <TDR ID="120" SCLength="2731" />
  </SIB>
  <TDR ID="119" SCLength="785" />
  <TDR ID="118" SCLength="506" />
  <TDR ID="117" SCLength="1442" />
  <SIB ID="116" SCLength="1997">
    <TDR ID="115" SCLength="3911" />
  </SIB>
  <SCB ID="114" SCLengthA="2348" SCLengthB="1877" />
  <TDR ID="113" SCLength="2356" />
  <TDR ID="112" SCLength="594" />
  <SCB ID="111" SCLengthA="2602" SCLengthB="972" />
  <TDR ID="110" SCLength="1923" />
  <SCB ID="109" SCLengthA="1101" SCLengthB="2014" />
  <SIB ID="108" SCLength="4214">
    <SCB ID="107" SCLengthA="709" SCLengthB="2300" />
    <TDR ID="106" SCLength="1829" />
    <SIB ID="105" SCLength="3423">
      <TDR ID="104" SCLength="3515" />
    </SIB>
  </SIB>
  <SCB ID="103" SCLengthA="3399" SCLengthB="955" />
  <TDR ID="102" SCLength="520" />
  <TDR ID="101" SCLength="2408" />
  <TDR ID="100" SCLength="1666" />
  <SCB ID="99" SCLengthA="2607" SCLengthB="1487" />
  <TDR ID="98" SCLength="4451" />
  <SIB ID="97" SCLength="854">
    <SCB ID="96" SCLengthA="2283" SCLengthB="3833" />
    <SCB ID="95" SCLengthA="4002" SCLengthB="205" />
    <SIB ID="94" SCLength="3443">
      <TDR ID="93" SCLength="1865" />
    </SIB>
  </SIB>
  <SIB ID="92" SCLength="462">
    <SIB ID="91" SCLength="245">
      <SIB ID="90" SCLength="2179" />
      <SCB ID="89" SCLengthA="2749" SCLengthB="1152" />
    </SIB>
    <SCB ID="88" SCLengthA="229" SCLengthB="2668" />
    <TDR ID="87" SCLength="1332" />
  </SIB>
  <SCB ID="86" SCLengthA="4495" SCLengthB="3896" />
  <SIB ID="85" SCLength="2959" />
  <SCB ID="84" SCLengthA="1258" SCLengthB="3625" />
  <SCB ID="83" SCLengthA="3105" SCLengthB="3520" />
  <SIB ID="82" SCLength="2580">
    <SIB ID="81" SCLength="708" />
    <SIB ID="80" SCLength="3500" />
    <SIB ID="79" SCLength="3553">
      <SIB ID="78" SCLength="4101">
        <SCB ID="77" SCLengthA="2564" SCLengthB="3177" />
        <SCB ID="76" SCLengthA="1551" SCLengthB="3130" />
      </SIB>
      <SIB ID="75" SCLength="111">
        <SCB ID="74" SCLengthA="3389" SCLengthB="3741" />
        <TDR ID="73" SCLength="139" />
      </SIB>
    </SIB>
    <TDR ID="72" SCLength="3608" />
  </SIB>
  <SIB ID="71" SCLength="2251">
    <SIB ID="70" SCLength="2643">
      <SCB ID="69" SCLengthA="3711" SCLengthB="3589" />
    </SIB>
    <TDR ID="68" SCLength="4428" />
  </SIB>
  <TDR ID="67" SCLength="1128" />
  <TDR ID="66" SCLength="3814" />
  <SIB ID="65" SCLength="3917">
    <SIB ID="64" SCLength="4327">
      <SIB ID="63" SCLength="1709">
        <SCB ID="62" SCLengthA="454" SCLengthB="1685" />
      </SIB>
      <SCB ID="61" SCLengthA="392" SCLengthB="1227" />
    </SIB>
    <TDR ID="60" SCLength="3089" />
  </SIB>
  <SIB ID="59" SCLength="899">
    <SCB ID="58" SCLengthA="4251" SCLengthB="2004" />
    <SIB ID="57" SCLength="2773">
      <SCB ID="56" SCLengthA="466" SCLengthB="848" />
      <SCB ID="55" SCLengthA="111" SCLengthB="2424" />
    </SIB>
    <SIB ID="54" SCLength="373">
      <SCB ID="53" SCLengthA="2004" SCLengthB="3297" />
    </SIB>
  </SIB>
  <SCB ID="52" SCLengthA="138" SCLengthB="383" />
  <TDR ID="51" SCLength="4402" />
  <SIB ID="50" SCLength="3610">
    <SCB ID="49" SCLengthA="1318" SCLengthB="890" />
    <SCB ID="48" SCLengthA="1994" SCLengthB="655" />
  </SIB>
  <SIB ID="47" SCLength="1964">
    <TDR ID="46" SCLength="3765" />
  </SIB>
  <SIB ID="45" SCLength="3659">
    <SCB ID="44" SCLengthA="2155" SCLengthB="1927" />
  </SIB>
  <TDR ID="43" SCLength="2493" />
  <SIB ID="42" SCLength="3141">
    <SIB ID="41" SCLength="928">
      <TDR ID="40" SCLength="4318" />
      <TDR ID="39" SCLength="1468" />
    </SIB>
    <TDR ID="38" SCLength="3673" />
  </SIB>
  <SCB ID="37" SCLengthA="4218" SCLengthB="575" />
  <TDR ID="36" SCLength="139" />
  <TDR ID="35" SCLength="3931" />
  <SCB ID="34" SCLengthA="2757" SCLengthB="3423" />
  <SIB ID="33" SCLength="422">
    <SCB ID="32" SCLengthA="1783" SCLengthB="2668" />
  </SIB>
  <SCB ID="31" SCLengthA="651" SCLengthB="3372" />
  <SCB ID="30" SCLengthA="1915" SCLengthB="4227" />
  <TDR ID="29" SCLength="3230" />
  <TDR ID="28" SCLength="1431" />
  <SIB ID="27" SCLength="2396">
    <TDR ID="26" SCLength="2125" />
    <TDR ID="25" SCLength="3116" />
  </SIB>
  <SCB ID="24" SCLengthA="3761" SCLengthB="2453" />
  <TDR ID="23" SCLength="3710" />
  <SIB ID="22" SCLength="1921">
    <SIB ID="21" SCLength="1623">
      <SIB ID="20" SCLength="4455">
        <SCB ID="19" SCLengthA="4468" SCLengthB="1081" />
      </SIB>
    </SIB>
  </SIB>
  <SCB ID="18" SCLengthA="2499" SCLengthB="4050" />
  <TDR ID="17" SCLength="993" />
  <SCB ID="16" SCLengthA="1318" SCLengthB="1621" />
  <SIB ID="15" SCLength="3598">
    <SCB ID="14" SCLengthA="153" SCLengthB="4073" />
    <TDR ID="13" SCLength="971" />
  </SIB>
  <SCB ID="12" SCLengthA="3978" SCLengthB="4493" />
  <TDR ID="11" SCLength="1309" />
  <TDR ID="10" SCLength="3556" />
  <SIB ID="9" SCLength="185">
    <TDR ID="8" SCLength="2453" />
  </SIB>
  <TDR ID="7" SCLength="441" />
  <SIB ID="6" SCLength="2218">
    <SCB ID="5" SCLengthA="4459" SCLengthB="1619" />
    <SCB ID="4" SCLengthA="399" SCLengthB="1003" />
  </SIB>
  <SCB ID="3" SCLengthA="3822" SCLengthB="1018" />
  <SIB ID="2" SCLength="411">
    <SCB ID="1" SCLengthA="2943" SCLengthB="739" />
    <TDR ID="0" SCLength="2268" />
  </SIB>
</Gateway>