﻿<?xml version="1.0" encoding="utf-8"?>
<Gateway>
  <SIB ID="72" SCLength="1824">
    <TDR ID="71" SCLength="728" />
    <TDR ID="70" SCLength="2629" />
    <SIB ID="69" SCLength="3458">
      <SIB ID="68" SCLength="1987">
        <TDR ID="67" SCLength="3780" />
      </SIB>
      <SIB ID="66" SCLength="4195" />
    </SIB>
  </SIB>
  <SCB ID="65" SCLengthA="3358" SCLengthB="3567" />
  <TDR ID="64" SCLength="2761" />
  <TDR ID="63" SCLength="2725" />
  <SCB ID="62" SCLengthA="4339" SCLengthB="896" />
  <SCB ID="61" SCLengthA="4034" SCLengthB="408" />
  <TDR ID="60" SCLength="2304" />
  <TDR ID="59" SCLength="884" />
  <SIB ID="58" SCLength="753">
    <SIB ID="57" SCLength="155" />
    <SCB ID="56" SCLengthA="3072" SCLengthB="2015" />
  </SIB>
  <SIB ID="55" SCLength="3235">
    <SIB ID="54" SCLength="3693">
      <TDR ID="53" SCLength="1870" />
      <SIB ID="52" SCLength="4368">
        <TDR ID="51" SCLength="173" />
        <SIB ID="50" SCLength="2241">
          <SIB ID="49" SCLength="1181">
            <TDR ID="48" SCLength="4439" />
            <SCB ID="47" SCLengthA="478" SCLengthB="2834" />
            <TDR ID="46" SCLength="617" />
          </SIB>
          <SIB ID="45" SCLength="2707">
            <SIB ID="44" SCLength="3860">
              <SIB ID="43" SCLength="2565">
                <SIB ID="42" SCLength="3404">
                  <TDR ID="41" SCLength="3543" />
                  <SIB ID="40" SCLength="2181">
                    <SIB ID="39" SCLength="2701">
                      <SIB ID="38" SCLength="891">
                        <SCB ID="37" SCLengthA="3230" SCLengthB="1862" />
                        <SCB ID="36" SCLengthA="3377" SCLengthB="3390" />
                        <TDR ID="35" SCLength="279" />
                      </SIB>
                    </SIB>
                  </SIB>
                </SIB>
              </SIB>
              <SIB ID="34" SCLength="3394">
                <SCB ID="33" SCLengthA="2710" SCLengthB="4474" />
              </SIB>
            </SIB>
          </SIB>
        </SIB>
      </SIB>
      <SCB ID="32" SCLengthA="4282" SCLengthB="2576" />
      <TDR ID="31" SCLength="351" />
    </SIB>
  </SIB>
  <SIB ID="30" SCLength="1626">
    <SIB ID="29" SCLength="1644" />
  </SIB>
  <SIB ID="28" SCLength="2680">
    <SCB ID="27" SCLengthA="910" SCLengthB="3337" />
  </SIB>
  <TDR ID="26" SCLength="2817" />
  <SCB ID="25" SCLengthA="2099" SCLengthB="448" />
  <SCB ID="24" SCLengthA="2049" SCLengthB="1400" />
  <TDR ID="23" SCLength="1884" />
  <TDR ID="22" SCLength="438" />
  <SCB ID="21" SCLengthA="3152" SCLengthB="2202" />
  <SIB ID="20" SCLength="2963">
    <SCB ID="19" SCLengthA="560" SCLengthB="2646" />
    <SIB ID="18" SCLength="212">
      <TDR ID="17" SCLength="2944" />
      <TDR ID="16" SCLength="2227" />
      <SIB ID="15" SCLength="4215">
        <TDR ID="14" SCLength="4259" />
      </SIB>
      <SCB ID="13" SCLengthA="3585" SCLengthB="3180" />
    </SIB>
    <SIB ID="12" SCLength="3984">
      <TDR ID="11" SCLength="2977" />
      <TDR ID="10" SCLength="621" />
      <TDR ID="9" SCLength="2876" />
    </SIB>
  </SIB>
  <TDR ID="8" SCLength="4064" />
  <SIB ID="7" SCLength="2679" />
  <TDR ID="6" SCLength="3519" />
  <SCB ID="5" SCLengthA="3510" SCLengthB="754" />
  <SIB ID="4" SCLength="690" />
  <TDR ID="3" SCLength="815" />
  <SCB ID="2" SCLengthA="1209" SCLengthB="4377" />
  <TDR ID="1" SCLength="2830" />
  <SIB ID="0" SCLength="3663" />
</Gateway>