﻿<?xml version="1.0" encoding="utf-8"?>
<Gateway>
  <SCB ID="84" SCLengthA="2414" SCLengthB="1872" />
  <SIB ID="83" SCLength="1501">
    <TDR ID="82" SCLength="2889" />
  </SIB>
  <TDR ID="81" SCLength="2859" />
  <TDR ID="80" SCLength="268" />
  <TDR ID="79" SCLength="1877" />
  <SIB ID="78" SCLength="801" />
  <SIB ID="77" SCLength="1603">
    <SCB ID="76" SCLengthA="2818" SCLengthB="337" />
  </SIB>
  <SIB ID="75" SCLength="2597" />
  <SIB ID="74" SCLength="2329">
    <SCB ID="73" SCLengthA="521" SCLengthB="535" />
  </SIB>
  <SIB ID="72" SCLength="3149" />
  <TDR ID="71" SCLength="565" />
  <SIB ID="70" SCLength="1872">
    <TDR ID="69" SCLength="1339" />
  </SIB>
  <SIB ID="68" SCLength="1216">
    <SIB ID="67" SCLength="4178" />
  </SIB>
  <SCB ID="66" SCLengthA="3246" SCLengthB="802" />
  <SCB ID="65" SCLengthA="1634" SCLengthB="2905" />
  <SIB ID="64" SCLength="3131">
    <TDR ID="63" SCLength="3210" />
    <SCB ID="62" SCLengthA="2571" SCLengthB="4233" />
  </SIB>
  <SIB ID="61" SCLength="2755" />
  <TDR ID="60" SCLength="4409" />
  <SIB ID="59" SCLength="802" />
  <SIB ID="58" SCLength="3497">
    <SIB ID="57" SCLength="1481">
      <SCB ID="56" SCLengthA="2651" SCLengthB="3702" />
      <SIB ID="55" SCLength="1789" />
    </SIB>
  </SIB>
  <TDR ID="54" SCLength="1924" />
  <TDR ID="53" SCLength="3578" />
  <SIB ID="52" SCLength="4078" />
  <TDR ID="51" SCLength="2513" />
  <SIB ID="50" SCLength="3875" />
  <SCB ID="49" SCLengthA="3972" SCLengthB="3696" />
  <SIB ID="48" SCLength="2751">
    <SIB ID="47" SCLength="3422">
      <TDR ID="46" SCLength="929" />
    </SIB>
    <TDR ID="45" SCLength="659" />
    <TDR ID="44" SCLength="1268" />
  </SIB>
  <SIB ID="43" SCLength="114">
    <TDR ID="42" SCLength="4268" />
    <TDR ID="41" SCLength="696" />
  </SIB>
  <SIB ID="40" SCLength="1583">
    <SCB ID="39" SCLengthA="2106" SCLengthB="4036" />
  </SIB>
  <SCB ID="38" SCLengthA="106" SCLengthB="949" />
  <SCB ID="37" SCLengthA="3746" SCLengthB="478" />
  <TDR ID="36" SCLength="3477" />
  <SIB ID="35" SCLength="1095" />
  <TDR ID="34" SCLength="2715" />
  <SCB ID="33" SCLengthA="1842" SCLengthB="474" />
  <SIB ID="32" SCLength="2402">
    <SIB ID="31" SCLength="2053">
      <SCB ID="30" SCLengthA="3361" SCLengthB="963" />
      <SCB ID="29" SCLengthA="2841" SCLengthB="1153" />
      <SIB ID="28" SCLength="4142">
        <SIB ID="27" SCLength="1980">
          <SIB ID="26" SCLength="2615">
            <SIB ID="25" SCLength="2353">
              <TDR ID="24" SCLength="3272" />
              <SIB ID="23" SCLength="2480">
                <SCB ID="22" SCLengthA="1209" SCLengthB="1974" />
                <SCB ID="21" SCLengthA="3956" SCLengthB="3626" />
              </SIB>
            </SIB>
            <TDR ID="20" SCLength="1899" />
          </SIB>
          <TDR ID="19" SCLength="1963" />
        </SIB>
      </SIB>
      <TDR ID="18" SCLength="1638" />
    </SIB>
    <SCB ID="17" SCLengthA="3605" SCLengthB="1613" />
  </SIB>
  <SCB ID="16" SCLengthA="3757" SCLengthB="755" />
  <SIB ID="15" SCLength="726">
    <SIB ID="14" SCLength="4003">
      <SIB ID="13" SCLength="3430" />
      <TDR ID="12" SCLength="257" />
    </SIB>
    <SIB ID="11" SCLength="1498">
      <TDR ID="10" SCLength="4339" />
    </SIB>
    <TDR ID="9" SCLength="1176" />
  </SIB>
  <SIB ID="8" SCLength="4339">
    <SCB ID="7" SCLengthA="2992" SCLengthB="2537" />
  </SIB>
  <SCB ID="6" SCLengthA="2565" SCLengthB="4423" />
  <SIB ID="5" SCLength="1662">
    <SIB ID="4" SCLength="4415">
      <SIB ID="3" SCLength="1236" />
    </SIB>
  </SIB>
  <SIB ID="2" SCLength="1333">
    <TDR ID="1" SCLength="2207" />
    <SCB ID="0" SCLengthA="4451" SCLengthB="3521" />
  </SIB>
</Gateway>