﻿<?xml version="1.0" encoding="utf-8"?>
<Gateway>
  <SIB ID="84" SCLength="328">
    <SCB ID="83" SCLengthA="2180" SCLengthB="126" />
  </SIB>
  <SIB ID="82" SCLength="2481">
    <SCB ID="81" SCLengthA="4088" SCLengthB="2717" />
    <TDR ID="80" SCLength="130" />
  </SIB>
  <TDR ID="79" SCLength="3900" />
  <SIB ID="78" SCLength="2301">
    <SCB ID="77" SCLengthA="566" SCLengthB="961" />
    <SCB ID="76" SCLengthA="2230" SCLengthB="2025" />
  </SIB>
  <SCB ID="75" SCLengthA="1046" SCLengthB="2117" />
  <SIB ID="74" SCLength="4479">
    <SIB ID="73" SCLength="3378">
      <SIB ID="72" SCLength="3574">
        <SCB ID="71" SCLengthA="1422" SCLengthB="4011" />
        <SIB ID="70" SCLength="706">
          <SIB ID="69" SCLength="1545">
            <SIB ID="68" SCLength="2668">
              <TDR ID="67" SCLength="987" />
              <TDR ID="66" SCLength="297" />
            </SIB>
            <SCB ID="65" SCLengthA="2426" SCLengthB="3399" />
          </SIB>
          <TDR ID="64" SCLength="3263" />
          <SCB ID="63" SCLengthA="3313" SCLengthB="779" />
        </SIB>
      </SIB>
    </SIB>
    <TDR ID="62" SCLength="1054" />
  </SIB>
  <SIB ID="61" SCLength="3717">
    <SIB ID="60" SCLength="3108">
      <SIB ID="59" SCLength="3949">
        <TDR ID="58" SCLength="2485" />
        <SIB ID="57" SCLength="842">
          <SCB ID="56" SCLengthA="2877" SCLengthB="1885" />
          <SIB ID="55" SCLength="1698">
            <TDR ID="54" SCLength="1879" />
            <TDR ID="53" SCLength="563" />
          </SIB>
        </SIB>
        <SCB ID="52" SCLengthA="2968" SCLengthB="953" />
      </SIB>
      <SIB ID="51" SCLength="2676">
        <SCB ID="50" SCLengthA="638" SCLengthB="2278" />
        <SIB ID="49" SCLength="1102">
          <SIB ID="48" SCLength="2366">
            <TDR ID="47" SCLength="2408" />
            <SIB ID="46" SCLength="4495">
              <SIB ID="45" SCLength="2886">
                <SCB ID="44" SCLengthA="2910" SCLengthB="476" />
                <TDR ID="43" SCLength="3550" />
                <TDR ID="42" SCLength="4017" />
              </SIB>
            </SIB>
          </SIB>
          <TDR ID="41" SCLength="329" />
        </SIB>
      </SIB>
      <SCB ID="40" SCLengthA="1688" SCLengthB="939" />
    </SIB>
  </SIB>
  <SIB ID="39" SCLength="626" />
  <TDR ID="38" SCLength="458" />
  <TDR ID="37" SCLength="2972" />
  <SIB ID="36" SCLength="645" />
  <SCB ID="35" SCLengthA="3417" SCLengthB="4237" />
  <SCB ID="34" SCLengthA="2740" SCLengthB="4168" />
  <SCB ID="33" SCLengthA="2867" SCLengthB="2729" />
  <TDR ID="32" SCLength="2443" />
  <TDR ID="31" SCLength="2732" />
  <TDR ID="30" SCLength="723" />
  <TDR ID="29" SCLength="3077" />
  <TDR ID="28" SCLength="606" />
  <SIB ID="27" SCLength="1298">
    <SCB ID="26" SCLengthA="1210" SCLengthB="110" />
    <TDR ID="25" SCLength="1060" />
  </SIB>
  <SIB ID="24" SCLength="1144">
    <SCB ID="23" SCLengthA="1154" SCLengthB="886" />
    <SIB ID="22" SCLength="3627">
      <SCB ID="21" SCLengthA="104" SCLengthB="3321" />
      <SCB ID="20" SCLengthA="3857" SCLengthB="2908" />
    </SIB>
    <TDR ID="19" SCLength="2701" />
    <SIB ID="18" SCLength="805">
      <SCB ID="17" SCLengthA="2775" SCLengthB="210" />
      <SCB ID="16" SCLengthA="969" SCLengthB="2335" />
    </SIB>
  </SIB>
  <TDR ID="15" SCLength="866" />
  <SIB ID="14" SCLength="2294">
    <SIB ID="13" SCLength="2356">
      <SCB ID="12" SCLengthA="3367" SCLengthB="1140" />
    </SIB>
    <TDR ID="11" SCLength="267" />
  </SIB>
  <TDR ID="10" SCLength="3977" />
  <TDR ID="9" SCLength="3594" />
  <SCB ID="8" SCLengthA="365" SCLengthB="783" />
  <SIB ID="7" SCLength="336">
    <TDR ID="6" SCLength="2756" />
    <SIB ID="5" SCLength="2874">
      <TDR ID="4" SCLength="3014" />
    </SIB>
  </SIB>
  <TDR ID="3" SCLength="714" />
  <SIB ID="2" SCLength="2688">
    <SIB ID="1" SCLength="416">
      <SCB ID="0" SCLengthA="3013" SCLengthB="1574" />
      <SCB ID="-1" SCLengthA="1374" SCLengthB="1827" />
    </SIB>
    <SCB ID="-2" SCLengthA="549" SCLengthB="2433" />
  </SIB>
</Gateway>