<?xml version="1.0"?>
<!-- Source scan-chain file: C:\Users\Farrokh\Documents\Socware\Thesis\Other\Test Time Calculation\ITC Experiments\ITC'02 Benchmarks\Extracted Modules\p22810_modules.xml -->
<!-- No Top Level -->
<Gateway SCLength="0" SCPatterns="0">
  <SIB ID="30" SCLength="1558" SCPatterns="785" InstrumentID="1" BIST="0" />
  <SIB ID="31" SCLength="0" SCPatterns="0">
    <SIB ID="3" SCLength="80" SCPatterns="12324" InstrumentID="2" BIST="0" />
    <SIB ID="4" SCLength="64" SCPatterns="3108" InstrumentID="3" BIST="0" />
    <SIB ID="5" SCLength="112" SCPatterns="222" InstrumentID="4" BIST="0" />
  </SIB>
  <SIB ID="32" SCLength="2897" SCPatterns="202" InstrumentID="5" BIST="0" />
  <SIB ID="33" SCLength="0" SCPatterns="0">
    <SIB ID="7" SCLength="144" SCPatterns="712" InstrumentID="6" BIST="0" />
    <SIB ID="8" SCLength="148" SCPatterns="2632" InstrumentID="7" BIST="0" />
    <SIB ID="9" SCLength="52" SCPatterns="2608" InstrumentID="8" BIST="0" />
  </SIB>
  <SIB ID="10" SCLength="2569" SCPatterns="175" InstrumentID="9" BIST="0" />
  <SIB ID="11" SCLength="289" SCPatterns="38" InstrumentID="10" BIST="0" />
  <SIB ID="12" SCLength="881" SCPatterns="94" InstrumentID="11" BIST="0" />
  <SIB ID="13" SCLength="990" SCPatterns="93" InstrumentID="12" BIST="0" />
  <SIB ID="14" SCLength="497" SCPatterns="1" InstrumentID="13" BIST="0" />
  <SIB ID="15" SCLength="115" SCPatterns="108" InstrumentID="14" BIST="0" />
  <SIB ID="16" SCLength="644" SCPatterns="37" InstrumentID="15" BIST="0" />
  <SIB ID="17" SCLength="381" SCPatterns="8" InstrumentID="16" BIST="0" />
  <SIB ID="18" SCLength="506" SCPatterns="25" InstrumentID="17" BIST="0" />
  <SIB ID="19" SCLength="475" SCPatterns="644" InstrumentID="18" BIST="0" />
  <SIB ID="20" SCLength="167" SCPatterns="58" InstrumentID="19" BIST="0" />
  <SIB ID="21" SCLength="322" SCPatterns="124" InstrumentID="20" BIST="0" />
  <SIB ID="22" SCLength="1437" SCPatterns="465" InstrumentID="21" BIST="0" />
  <SIB ID="23" SCLength="260" SCPatterns="59" InstrumentID="22" BIST="0" />
  <SIB ID="24" SCLength="433" SCPatterns="40" InstrumentID="23" BIST="0" />
  <SIB ID="25" SCLength="381" SCPatterns="27" InstrumentID="24" BIST="0" />
  <SIB ID="26" SCLength="2684" SCPatterns="215" InstrumentID="25" BIST="0" />
  <SIB ID="27" SCLength="11878" SCPatterns="181" InstrumentID="26" BIST="0" />
  <SIB ID="28" SCLength="413" SCPatterns="2" InstrumentID="27" BIST="0" />
  <SIB ID="29" SCLength="508" SCPatterns="26" InstrumentID="28" BIST="0" />
</Gateway>