<?xml version="1.0"?>
<!-- Source scan-chain file: C:\Users\Farrokh\Documents\Socware\Thesis\Other\Test Time Calculation\ITC Experiments\ITC'02 Benchmarks\Extracted Modules\p34392_modules.xml -->
<!-- No Top Level -->
<Gateway SCLength="0" SCPatterns="0">
  <SIB ID="2" SCLength="915" SCPatterns="210" InstrumentID="1" BIST="0" />
  <SIB ID="21" SCLength="9669" SCPatterns="514" InstrumentID="2" BIST="0" />
  <SIB ID="22" SCLength="0" SCPatterns="0">
    <SIB ID="4" SCLength="62" SCPatterns="3108" InstrumentID="3" BIST="0" />
    <SIB ID="5" SCLength="63" SCPatterns="6180" InstrumentID="4" BIST="0" />
    <SIB ID="6" SCLength="87" SCPatterns="12336" InstrumentID="5" BIST="0" />
    <SIB ID="7" SCLength="19" SCPatterns="1965" InstrumentID="6" BIST="0" />
    <SIB ID="8" SCLength="17" SCPatterns="512" InstrumentID="7" BIST="0" />
    <SIB ID="9" SCLength="63" SCPatterns="9930" InstrumentID="8" BIST="0" />
    <SIB ID="10" SCLength="74" SCPatterns="228" InstrumentID="9" BIST="0" />
  </SIB>
  <SIB ID="23" SCLength="5219" SCPatterns="454" InstrumentID="10" BIST="0" />
  <SIB ID="24" SCLength="0" SCPatterns="0">
    <SIB ID="12" SCLength="31" SCPatterns="9285" InstrumentID="11" BIST="0" />
    <SIB ID="13" SCLength="11" SCPatterns="173" InstrumentID="12" BIST="0" />
    <SIB ID="14" SCLength="28" SCPatterns="2560" InstrumentID="13" BIST="0" />
    <SIB ID="15" SCLength="19" SCPatterns="432" InstrumentID="14" BIST="0" />
    <SIB ID="16" SCLength="30" SCPatterns="4440" InstrumentID="15" BIST="0" />
    <SIB ID="17" SCLength="14" SCPatterns="128" InstrumentID="16" BIST="0" />
    <SIB ID="18" SCLength="19" SCPatterns="786" InstrumentID="17" BIST="0" />
  </SIB>
  <SIB ID="25" SCLength="7029" SCPatterns="745" InstrumentID="18" BIST="0" />
  <SIB ID="26" SCLength="0" SCPatterns="0">
    <SIB ID="20" SCLength="87" SCPatterns="12336" InstrumentID="19" BIST="0" />
  </SIB>
</Gateway>