<?xml version="1.0"?>
<Gateway SCLength="0" SCPatterns="0">
  <SIB ID="1" SCLengthOld="5581" SCLength="0" SCPatterns="0" InstrumentID="0" />
  <SIB ID="2" SCLength="7189" SCPatterns="409" InstrumentID="1"  />
  <SIB ID="3" SCLength="40" SCPatterns="192" InstrumentID="2"  />
  <SIB ID="4" SCLength="40" SCPatterns="648" InstrumentID="3"  />
  <SIB ID="5" SCLength="354" SCPatterns="11" InstrumentID="4"  />
  <SIB ID="6" SCLength="300" SCPatterns="6127" InstrumentID="5"  />
  <SIB ID="7" SCLength="24657" SCPatterns="218" InstrumentID="6"  />
  <SIB ID="8" SCLength="32" SCPatterns="177" InstrumentID="7"  />
  <SIB ID="9" SCLength="32" SCPatterns="177" InstrumentID="8"  />
  <SIB ID="10" SCLength="43" SCPatterns="192" InstrumentID="9"  />
  <SIB ID="11" SCLength="267" SCPatterns="1164" InstrumentID="10"  />
  <SIB ID="12" SCLength="938" SCPatterns="187" InstrumentID="11"  />
  <SIB ID="13" SCLength="4770" SCPatterns="391" InstrumentID="12"  />
  <SIB ID="14" SCLength="9854" SCPatterns="194" InstrumentID="13"  />
  <SIB ID="15" SCLength="9955" SCPatterns="194" InstrumentID="14"  />
  <SIB ID="16" SCLength="44" SCPatterns="288" InstrumentID="15"  />
  <SIB ID="17" SCLength="137" SCPatterns="396" InstrumentID="16"  />
  <SIB ID="18" SCLength="6785" SCPatterns="216" InstrumentID="17"  />
  <SIB ID="19" SCLength="79" SCPatterns="42" InstrumentID="18"  />
  <SIB ID="20" SCLength="5031" SCPatterns="210" InstrumentID="19"  />
  <SIB ID="21" SCLength="7870" SCPatterns="416" InstrumentID="20"  />
  <SIB ID="22" SCLength="79" SCPatterns="42" InstrumentID="21"  />
  <SIB ID="23" SCLength="42" SCPatterns="42" InstrumentID="22"  />
  <SIB ID="24" SCLength="8014" SCPatterns="234" InstrumentID="23"  />
  <SIB ID="25" SCLength="17" SCPatterns="3072" InstrumentID="24"  />
  <SIB ID="26" SCLength="29" SCPatterns="2688" InstrumentID="25"  />
  <SIB ID="27" SCLength="42" SCPatterns="96" InstrumentID="26"  />
  <SIB ID="28" SCLength="3358" SCPatterns="916" InstrumentID="27"  />
  <SIB ID="29" SCLength="109" SCPatterns="396" InstrumentID="28"  />
  <SIB ID="30" SCLength="7242" SCPatterns="172" InstrumentID="29"  />
  <SIB ID="31" SCLength="43" SCPatterns="192" InstrumentID="30"  />
  <SIB ID="32" SCLength="148" SCPatterns="204" InstrumentID="31"  />
  <SIB ID="33" SCLength="268" SCPatterns="3084" InstrumentID="32"  />
</Gateway>